Title,Your Rating,Date Rated,Year,Genres,Directors,URL
100 Foot Wave: Force Majeure,1,2024-08-17,2023,"Documentary, Sport",Chris Smith,https://www.imdb.com/title/tt27525853
3 Body Problem: Wallfacer,1,2024-08-17,2024,"Sci-Fi, Adventure, Drama, Fantasy, Mystery",Jeremy Podeswa,https://www.imdb.com/title/tt18347118
30 for 30: Be Water,7,2022-03-23,2020,"Documentary, Sport, Biography, History",Bao Nguyen,https://www.imdb.com/title/tt12510860
30 for 30: Deion's Double Play,6,2022-03-23,2019,"Documentary, Sport, Biography, History","Erik Powers,Ken Rodgers",https://www.imdb.com/title/tt9689138
30 for 30: The Four Falls of Buffalo,8,2022-03-23,2015,"Documentary, Sport, Biography, History",Ken Rodgers,https://www.imdb.com/title/tt5302330
30 for 30: I Hate Christian Laettner,8,2022-03-23,2015,"Documentary, Sport, Biography, History",Rory Karpf,https://www.imdb.com/title/tt4300028
30 for 30: Bad Boys,8,2022-03-23,2014,"Documentary, Sport, Biography, History",Zak Levitt,https://www.imdb.com/title/tt3682160
30 for 30: Big Shot,7,2022-03-23,2013,"Documentary, Sport, Biography, History",Kevin Connolly,https://www.imdb.com/title/tt3311418
30 for 30: Once Brothers,9,2022-03-23,2010,"Documentary, Sport, Biography, History",Michael Tolajian,https://www.imdb.com/title/tt1738398
30 for 30: Little Big Men,6,2022-03-23,2010,"Documentary, Sport, Biography, History",Al Szymanski,https://www.imdb.com/title/tt1717745
"30 for 30: June 17th, 1994",8,2022-03-23,2010,"Documentary, Sport, Biography, History",Brett Morgen,https://www.imdb.com/title/tt1509849
30 for 30: The 16th Man,8,2022-03-23,2010,"Documentary, Sport, Biography, History",Cliff Bestall,https://www.imdb.com/title/tt1617301
30 for 30: Silly Little Game,6,2022-03-23,2010,"Documentary, Sport, Biography, History","Lucas Jansen,Adam Kurland",https://www.imdb.com/title/tt1493940
30 for 30: The U,8,2022-03-23,2009,"Documentary, Sport, Biography, History",Billy Corben,https://www.imdb.com/title/tt1199479
30 for 30: Of Miracles and Men,8,2022-03-24,2015,"Documentary, Sport, Biography, History",Jonathan Hock,https://www.imdb.com/title/tt4340556
30 for 30: This Magic Moment,7,2022-07-08,2016,"Documentary, Sport, Biography, History","Gentry Kirby,Erin Leyden",https://www.imdb.com/title/tt5598194
30 for 30: Slaying the Badger,8,2023-07-08,2014,"Documentary, Sport, Biography, History",John Dower,https://www.imdb.com/title/tt3793686
30 for 30: Lance Part 2,8,2023-08-15,2020,"Documentary, Sport, Biography, History",Marina Zenovich,https://www.imdb.com/title/tt12338078
30 for 30: Lance Part 1,8,2023-08-15,2020,"Documentary, Sport, Biography, History",Marina Zenovich,https://www.imdb.com/title/tt12338076
American Crime Story: The Wilderness,1,2024-08-17,2021,"Biography, Drama, Crime, History",Michael Uppendahl,https://www.imdb.com/title/tt15131760
American Sports Story: Who Killed Aaron Hernandez?,1,2025-01-10,2024,"Biography, Drama, Sport",Michael Uppendahl,https://www.imdb.com/title/tt31494977
Andor: Rix Road,1,2024-08-17,2022,"Sci-Fi, Thriller, Adventure, Fantasy, Drama",Benjamin Caron,https://www.imdb.com/title/tt13848062
Beastars: A Revolutionary Feast,1,2022-12-04,2021,"Animation, Drama, Fantasy, Mystery, Thriller, Crime, Romance",Shin'ichi Matsumi,https://www.imdb.com/title/tt14148074
Black Mirror: White Bear,8,2018-04-08,2013,"Drama, Thriller, Sci-Fi, Mystery, Crime",Carl Tibbetts,https://www.imdb.com/title/tt2542420
Black Mirror: Fifteen Million Merits,9,2018-04-08,2011,"Drama, Thriller, Sci-Fi, Mystery, Crime",Euros Lyn,https://www.imdb.com/title/tt2089049
Black Mirror: Nosedive,8,2018-04-12,2016,"Drama, Thriller, Sci-Fi, Mystery, Crime",Joe Wright,https://www.imdb.com/title/tt5497778
Black Mirror: White Christmas,8,2018-04-12,2014,"Drama, Thriller, Sci-Fi, Mystery, Crime",Carl Tibbetts,https://www.imdb.com/title/tt3973198
Black Mirror: The Waldo Moment,7,2018-04-12,2013,"Drama, Thriller, Sci-Fi, Mystery, Crime",Bryn Higgins,https://www.imdb.com/title/tt2386296
Black Mirror: San Junipero,9,2018-04-13,2016,"Drama, Thriller, Sci-Fi, Mystery, Crime",Owen Harris,https://www.imdb.com/title/tt4538072
Black Mirror: Shut Up and Dance,10,2018-04-13,2016,"Drama, Thriller, Sci-Fi, Mystery, Crime",James Watkins,https://www.imdb.com/title/tt5709230
Black Mirror: Playtest,7,2018-04-13,2016,"Drama, Thriller, Sci-Fi, Mystery, Crime",Dan Trachtenberg,https://www.imdb.com/title/tt5709242
Black Mirror: Arkangel,7,2018-04-15,2017,"Drama, Thriller, Sci-Fi, Mystery, Crime",Jodie Foster,https://www.imdb.com/title/tt5709250
Black Mirror: Crocodile,6,2018-04-15,2017,"Drama, Thriller, Sci-Fi, Mystery, Crime",John Hillcoat,https://www.imdb.com/title/tt5710976
Black Mirror: USS Callister,8,2018-04-15,2017,"Drama, Thriller, Sci-Fi, Mystery, Crime",Toby Haynes,https://www.imdb.com/title/tt5710974
Black Mirror: Be Right Back,9,2018-04-15,2013,"Drama, Thriller, Sci-Fi, Mystery, Crime",Owen Harris,https://www.imdb.com/title/tt2290780
Black Mirror: The Entire History of You,9,2018-04-15,2011,"Drama, Thriller, Sci-Fi, Mystery, Crime",Brian Welsh,https://www.imdb.com/title/tt2089050
Black Mirror: The National Anthem,9,2018-04-15,2011,"Drama, Thriller, Sci-Fi, Mystery, Crime",Otto Bathurst,https://www.imdb.com/title/tt2089051
Black Mirror: Hated in the Nation,9,2018-04-15,2016,"Drama, Thriller, Sci-Fi, Mystery, Crime",James Hawes,https://www.imdb.com/title/tt5709236
Black Mirror: Men Against Fire,8,2018-04-15,2016,"Drama, Thriller, Sci-Fi, Mystery, Crime",Jakob Verbruggen,https://www.imdb.com/title/tt5709234
Black Mirror: Hang the DJ,9,2018-04-16,2017,"Drama, Thriller, Sci-Fi, Mystery, Crime",Timothy Van Patten,https://www.imdb.com/title/tt5710978
Black Mirror: Metalhead,7,2018-04-17,2017,"Drama, Thriller, Sci-Fi, Mystery, Crime",David Slade,https://www.imdb.com/title/tt5710984
Black Mirror: Black Museum,9,2018-04-17,2017,"Drama, Thriller, Sci-Fi, Mystery, Crime",Colm McCarthy,https://www.imdb.com/title/tt5058700
"Black Mirror: Rachel, Jack and Ashley Too",6,2020-08-06,2019,"Drama, Thriller, Sci-Fi, Mystery, Crime",Anne Sewitsky,https://www.imdb.com/title/tt9053874
Black Mirror: Smithereens,8,2020-08-06,2019,"Drama, Thriller, Sci-Fi, Mystery, Crime",James Hawes,https://www.imdb.com/title/tt8758202
Black Mirror: Striking Vipers,6,2020-08-06,2019,"Drama, Thriller, Sci-Fi, Mystery, Crime",Owen Harris,https://www.imdb.com/title/tt8503298
Black Mirror: Demon 79,7,2023-06-28,2023,"Drama, Thriller, Sci-Fi, Mystery, Crime",Toby Haynes,https://www.imdb.com/title/tt27731671
Black Mirror: Mazey Day,5,2023-06-28,2023,"Drama, Thriller, Sci-Fi, Mystery, Crime",Uta Briesewitz,https://www.imdb.com/title/tt27731663
Black Mirror: Beyond the Sea,6,2023-06-28,2023,"Drama, Thriller, Sci-Fi, Mystery, Crime",John Crowley,https://www.imdb.com/title/tt27731623
Black Mirror: Loch Henry,7,2023-06-28,2023,"Drama, Thriller, Sci-Fi, Mystery, Crime",Sam Miller,https://www.imdb.com/title/tt27731608
Black Mirror: Joan Is Awful,8,2023-06-28,2023,"Drama, Thriller, Sci-Fi, Mystery, Crime",Ally Pankiw,https://www.imdb.com/title/tt20247352
Black Mirror: Common People,8,2025-05-11,2025,"Drama, Thriller, Sci-Fi, Mystery, Crime",Ally Pankiw,https://www.imdb.com/title/tt30127325
Black Mirror: Bête Noire,7,2025-05-12,2025,"Drama, Thriller, Sci-Fi, Mystery, Crime",Toby Haynes,https://www.imdb.com/title/tt31790114
Black Mirror: Plaything,8,2025-05-14,2025,"Drama, Thriller, Sci-Fi, Mystery, Crime",David Slade,https://www.imdb.com/title/tt31215636
Black Mirror: Hotel Reverie,6,2025-05-14,2025,"Drama, Thriller, Sci-Fi, Mystery, Crime",Haolu Wang,https://www.imdb.com/title/tt31790091
Black Mirror: Eulogy,8,2025-05-15,2025,"Drama, Thriller, Sci-Fi, Mystery, Crime","Christopher Barrett,Luke Taylor",https://www.imdb.com/title/tt31790112
Black Mirror: USS Callister: Into Infinity,8,2025-05-16,2025,"Drama, Thriller, Sci-Fi, Mystery, Crime",Toby Haynes,https://www.imdb.com/title/tt31790115
Blue Lock: Last Attack,1,2025-04-02,2024,"Animation, Sport, Thriller",,https://www.imdb.com/title/tt35192432
Dandadan: Noroi no ie e rettsu gô,1,2025-03-04,2024,"Animation, Action, Comedy, Fantasy, Adventure, Sci-Fi, Romance, Thriller","Fûga Yamashiro,Tetsuya Wakano,Abel Gongora",https://www.imdb.com/title/tt33609047
Detective Hole: Duke Ellington's Piano,1,2026-05-27,2026,"Crime, Drama, Mystery, Thriller",Øystein Karlsen,https://www.imdb.com/title/tt33184531
Dorohedoro: Sweet Home / Shining Youth / Memories Keep Circling Round and Round / Come Back Home,1,2026-07-23,2026,"Animation, Action, Comedy, Fantasy, Horror, Sci-Fi, Mystery",Yūichirō Hayashi,https://www.imdb.com/title/tt41334096
Dune: Prophecy: The High-Handed Enemy,1,2025-03-08,2024,"Action, Adventure, Sci-Fi, Drama",Anna Foerster,https://www.imdb.com/title/tt29580989
ESPN Films: The Fab Five,8,2022-07-08,2011,Documentary,Jason Hehir,https://www.imdb.com/title/tt1852189
Epic Adventures with Bertie Gregory: Dolphin Quest,1,2025-03-20,2022,"Documentary, Adventure","Hugh Pearson,Susie Povey",https://www.imdb.com/title/tt22007758
"Euphoria: All My Life, My Heart Has Yearned for a Thing I Cannot Name",1,2024-08-17,2022,Drama,Sam Levinson,https://www.imdb.com/title/tt16988630
Fallout: The Strip,1,2026-04-25,2026,"Action, Adventure, Drama, Sci-Fi",Frederick E.O. Toye,https://www.imdb.com/title/tt36758871
Family Guy: Blue Harvest,8,2025-08-05,2007,"Animation, Comedy","Dominic Polcino,James Purdum,Peter Shin",https://www.imdb.com/title/tt0888817
Fargo: Bisquik,1,2024-12-06,2024,"Crime, Drama, Thriller",Thomas Bezucha,https://www.imdb.com/title/tt27426599
Frieren: Beyond Journey's End: Utsukushii kôkei,1,2026-05-20,2026,"Animation, Adventure, Fantasy, Drama, Comedy","Kentarô Hori,Tomoya Kitagawa,Keiichirô Saitô",https://www.imdb.com/title/tt39373812
House of Guinness: Episode #1.8,1,2025-11-16,2025,"Drama, Biography, History",Mounia Akl,https://www.imdb.com/title/tt31806087
House of the Dragon: The Queen Who Ever Was,1,2025-12-27,2024,"Fantasy, Adventure, Drama, Action",Geeta Vasant Patel,https://www.imdb.com/title/tt27160121
Lifestories: Families in Crisis: Gunplay: The Last Day in the Life of Brian Darling,7,2023-06-21,1992,"Family, Thriller, Drama",Daniel Taplitz,https://www.imdb.com/title/tt0180726
"Love, Death & Robots: For He Can Creep",1,2025-05-24,2025,"Animation, Short, Comedy, Fantasy, Horror, Sci-Fi, Action, Adventure, Drama, Mystery, Thriller",Emily Dean,https://www.imdb.com/title/tt36663019
Lupin: Chapter 7,1,2024-08-17,2023,"Crime, Drama, Mystery, Action, Thriller",Xavier Gens,https://www.imdb.com/title/tt29415645
Made in Abyss: Gold,1,2024-08-27,2022,"Animation, Adventure, Fantasy, Sci-Fi, Drama, Mystery, Action, Horror",Masayuki Kojima,https://www.imdb.com/title/tt21934410
One Piece: Deer and Loathing in Drum Kingdom,1,2026-03-28,2026,"Action, Fantasy, Adventure, Drama, Comedy",Lukas Ettlin,https://www.imdb.com/title/tt38752902
One Punch Man: Ultimate Lifeform,1,2026-01-22,2025,"Animation, Action, Comedy, Sci-Fi, Fantasy",,https://www.imdb.com/title/tt39283332
Only Murders in the Building: The House Always...,1,2025-11-17,2025,"Comedy, Crime, Mystery, Thriller, Drama",Jamie Babbit,https://www.imdb.com/title/tt33333196
Primal: An Echo of Eternity,1,2026-04-13,2026,"Animation, Action, Adventure, Drama, Horror, Fantasy",Genndy Tartakovsky,https://www.imdb.com/title/tt39385531
Rising Impact: See You Again!,1,2024-08-17,2024,"Animation, Sport, Drama",Hitoshi Nanba,https://www.imdb.com/title/tt33077019
Secret Level: Playtime: Fulfillment,1,2024-12-20,2024,"Animation, Short, Fantasy, Sci-Fi, Adventure, Action","István Zorkóczy,Dave Wilson",https://www.imdb.com/title/tt33208181
Solo Leveling: On to the Next Target,1,2026-03-22,2025,"Animation, Action, Fantasy, Adventure",Shunsuke Nakashige,https://www.imdb.com/title/tt36298902
SparkShorts: Burrow,7,2021-07-09,2020,"Animation, Short, Comedy, Family, Drama, Fantasy, Sci-Fi",Madeline Sharafian,https://www.imdb.com/title/tt13167288
SparkShorts: Kitbull,7,2021-08-16,2019,"Animation, Short, Comedy, Family, Drama, Fantasy, Sci-Fi",Rosana Sullivan,https://www.imdb.com/title/tt9536832
SparkShorts: Smash and Grab,6,2021-08-16,2019,"Animation, Short, Comedy, Family, Drama, Fantasy, Sci-Fi",Brian Larsen,https://www.imdb.com/title/tt7103168
SparkShorts: Wind,6,2021-08-16,2019,"Animation, Short, Comedy, Family, Drama, Fantasy, Sci-Fi",Edwin Chang,https://www.imdb.com/title/tt9536850
SparkShorts: Purl,6,2021-08-16,2018,"Animation, Short, Comedy, Family, Drama, Fantasy, Sci-Fi",Kristen Lester,https://www.imdb.com/title/tt8980868
SparkShorts: Out,6,2021-08-16,2020,"Animation, Short, Comedy, Family, Drama, Fantasy, Sci-Fi",Steven Clay Hunter,https://www.imdb.com/title/tt12366826
SparkShorts: Loop,5,2021-08-16,2020,"Animation, Short, Comedy, Family, Drama, Fantasy, Sci-Fi",Erica Milsom,https://www.imdb.com/title/tt9536836
Splinter Cell: Deathwatch: Chaos Theory: Part 2,1,2025-10-29,2025,"Animation, Action, Sci-Fi, Adventure, Thriller","Guillaume Dousse,Félicien Colmet-Daage",https://www.imdb.com/title/tt14956206
Spy x Family: A World Where We Cannot Survive,1,2025-12-28,2025,"Animation, Action, Comedy, Thriller","Yukiko Imai,Asami Nakatani",https://www.imdb.com/title/tt38617654
Star Wars: Visions: Black,1,2025-11-19,2025,"Animation, Sci-Fi, Action, Adventure, Fantasy, Drama",Shin'ya Ôhira,https://www.imdb.com/title/tt36599417
Taboo: Episode #1.8,1,2022-12-04,2017,"Drama, Thriller, Mystery",Anders Engström,https://www.imdb.com/title/tt4700598
The Chestnut Man: Hide and Seek: Part 6,1,2026-05-12,2026,"Drama, Thriller, Crime, Mystery",Roni Ezra,https://www.imdb.com/title/tt33705269
The Day of the Jackal: Episode #1.10,1,2025-01-27,2024,"Drama, Thriller, Crime, Action",Anu Menon,https://www.imdb.com/title/tt29420663
The Gentlemen: The Gospel According to Bobby Glass,1,2025-01-06,2024,"Action, Comedy, Crime",David Caffrey,https://www.imdb.com/title/tt29005169
The Handmaid's Tale: The Wilderness,1,2022-12-04,2021,"Drama, Thriller, Sci-Fi",Liz Garbus,https://www.imdb.com/title/tt11563912
The Night Manager: Episode #2.6,1,2026-04-13,2026,"Drama, Mystery, Thriller, Crime",Georgi Banks-Davies,https://www.imdb.com/title/tt38028385
The Rehearsal: My Controls,1,2026-03-11,2025,"Documentary, Comedy",Nathan Fielder,https://www.imdb.com/title/tt35934751
The Traitors UK: Episode #3.12,1,2025-04-23,2025,"Game-Show, Reality-TV","Abi Bourne,Norah Quartey,Chris Taylor,Ben Archard",https://www.imdb.com/title/tt35439818
The Vince Staples Show: White Boy,1,2024-12-28,2024,"Biography, Comedy, Music",Ben Younger,https://www.imdb.com/title/tt28943410
The White Lotus: Amor Fati,1,2025-04-18,2025,"Comedy, Drama, Mystery",Mike White,https://www.imdb.com/title/tt35047996
Trapped: Episode #3.8,1,2024-10-29,2021,"Crime, Drama, Thriller, Mystery",Baltasar Kormákur,https://www.imdb.com/title/tt14572846
Tsurune: Resounding Release,1,2025-02-11,2023,"Animation, Drama, Sport",Takuya Yamamura,https://www.imdb.com/title/tt27368353
Untold: Malice at the Palace,6,2021-08-25,2021,"Documentary, Biography, Sport, Crime",Floyd Russ,https://www.imdb.com/title/tt15085802
Untold: Caitlyn Jenner,6,2021-08-29,2021,"Documentary, Biography, Sport, Crime",Crystal Moselle,https://www.imdb.com/title/tt15101946
Untold: Crimes and Penalties (Danbury Trashers),6,2021-09-05,2021,"Documentary, Biography, Sport, Crime","Chapman Way,Maclain Way",https://www.imdb.com/title/tt15101956
Untold: Breaking Point,7,2021-09-24,2021,"Documentary, Biography, Sport, Crime","Chapman Way,Maclain Way",https://www.imdb.com/title/tt15101938
Untold: The Rise and Fall of AND1,6,2022-08-24,2022,"Documentary, Biography, Sport, Crime",Kevin Wilson Jr.,https://www.imdb.com/title/tt21388560
Untold: Operation Flagrant Foul,6,2022-09-05,2022,"Documentary, Biography, Sport, Crime",David Terry Fine,https://www.imdb.com/title/tt21448508
Untold: Johnny Football,7,2023-08-14,2023,"Documentary, Biography, Sport, Crime",Ryan Duffy,https://www.imdb.com/title/tt21805958
Untold: Chess Mates,6,2026-04-16,2026,"Documentary, Biography, Sport, Crime",Thomas Tancred,https://www.imdb.com/title/tt40224399
Vinland Saga: Hometown,1,2024-08-17,2023,"Animation, Action, Adventure, History, Drama","Kento Matsui,Shûhei Yabuta",https://www.imdb.com/title/tt27589545
Violet Evergarden: Loved Ones Will Always Watch Over You,10,2026-07-18,2018,"Animation, Drama, Sci-Fi, Fantasy, Romance","Haruka Fujita,Taichi Ishidate,Taiichi Ogawa",https://www.imdb.com/title/tt8142470
Wednesday: This Means Woe,1,2025-09-15,2025,"Comedy, Fantasy, Mystery, Crime, Horror",Tim Burton,https://www.imdb.com/title/tt33310268
Westworld: The Bicameral Mind,1,2022-12-04,2016,"Sci-Fi, Drama, Mystery",Jonathan Nolan,https://www.imdb.com/title/tt5229638
Yellowjackets: Storytelling,1,2024-02-18,2023,"Drama, Mystery, Thriller, Horror",Karyn Kusama,https://www.imdb.com/title/tt26897933
Zom 100: Bucket List of the Dead: Hometown of the Dead III,1,2024-08-17,2023,"Animation, Comedy, Fantasy, Horror, Sci-Fi, Action, Adventure",,https://www.imdb.com/title/tt28106675
